,disgust,happiness,others,repression,surprise,accuracy,macro avg,weighted avg
precision,0.0,0.0,0.43478260869565216,0.4,0.0,0.43137254901960786,0.16695652173913045,0.21824381926683717
recall,0.0,0.0,0.9523809523809523,0.4,0.0,0.43137254901960786,0.2704761904761905,0.43137254901960786
f1-score,0.0,0.0,0.5970149253731343,0.4,0.0,0.43137254901960786,0.19940298507462687,0.28504536142815334
support,13.0,7.0,21.0,5.0,5.0,0.43137254901960786,51.0,51.0
