{
  "inverse_frequency": {
    "others": 0.36796536796536794,
    "disgust": 0.5782312925170068,
    "happiness": 1.1383928571428572,
    "repression": 1.3492063492063493,
    "surprise": 1.457142857142857,
    "sadness": 5.204081632653061,
    "fear": 18.214285714285715
  },
  "inverse_sqrt": {
    "others": 0.10050378152592121,
    "disgust": 0.1259881576697424,
    "happiness": 0.17677669529663687,
    "repression": 0.19245008972987526,
    "surprise": 0.2,
    "sadness": 0.3779644730092272,
    "fear": 0.7071067811865475
  },
  "effective_num_beta_0.99_normed": {
    "others": 0.1370571648246223,
    "disgust": 0.1841485603579622,
    "happiness": 0.3140977909255161,
    "repression": 0.3634774700864007,
    "surprise": 0.3888000606318593,
    "sadness": 1.2715612176602868,
    "fear": 4.340857735513353
  }
}